-- Добавление продуктов в таблицу Products с размерами упаковок (длина, ширина, высота)
INSERT INTO
    products (product_barcode, name, package_size, weight)
VALUES
    (
        '123456789012',
        'Шоколадный батончик "Snickers"',
        '0.1*0.05*0.01',
        50.0
    ),
    (
        '234567890123',
        'Газировка "Coca-Cola"',
        '0.25*0.25*0.35',
        500.0
    ),
    (
        '345678901234',
        'Чипсы "Lays"',
        '0.2*0.15*0.05',
        150.0
    ),
    (
        '456789012345',
        'Шоколад "Milka"',
        '0.2*0.1*0.02',
        100.0
    ),
    (
        '567890123456',
        'Печенье "Oreo"',
        '0.15*0.1*0.05',
        150.0
    ),
    (
        '678901234567',
        'Соки "J7"',
        '0.2*0.2*0.3',
        1000.0
    ),
    (
        '789012345678',
        'Газировка "Pepsi"',
        '0.25*0.25*0.35',
        500.0
    ),
    (
        '890123456789',
        'Энергетик "Red Bull"',
        '0.2*0.2*0.3',
        250.0
    ),
    (
        '901234567890',
        'Кофе "Nescafe"',
        '0.15*0.1*0.05',
        200.0
    ),
    (
        '012345678901',
        'Батончик "Mars"',
        '0.1*0.05*0.01',
        55.0
    );

-- Вставка цен на продукты в таблицу Prices
INSERT INTO
    prices (product_barcode, price)
VALUES
    ('123456789012', 50.0),
    -- Цена на "Snickers"
    ('234567890123', 45.0),
    -- Цена на "Coca-Cola"
    ('345678901234', 60.0),
    -- Цена на "Lays"
    ('456789012345', 80.0),
    -- Цена на "Milka"
    ('567890123456', 70.0),
    -- Цена на "Oreo"
    ('678901234567', 90.0),
    -- Цена на "J7"
    ('789012345678', 50.0),
    -- Цена на "Pepsi"
    ('890123456789', 100.0),
    -- Цена на "Red Bull"
    ('901234567890', 120.0),
    -- Цена на "Nescafe"
    ('012345678901', 55.0);
    -- Цена на "Mars"

-- Вставка ролей в таблицу roles
INSERT INTO
    roles (role_name)
VALUES
    ('Администратор'),
    ('Пользователь')

-- Вставка пользователей в таблицу users
INSERT INTO
    users (user_id, username, password_hash, role_id)
VALUES
    (1, '1', '$2b$12$hxS2WkP5A3g/AiPOD10ZFOdgs3mEnOAbYzFpmZv2PlJl01T/3W4ZO', 1),
    (2, '2', '$2b$12$.PEW5BJzga2ITYv4nkFuL.VmLIc6OTGxfiTTl1xcCXrfNIFDOnGta', 2),